<?xml version="1.0" encoding="UTF-8"?>
<feature
      id="org.eclipse.linuxtools.docker.editor.ls.feature"
      label="%featureName"
      version="4.5.1.202001142113"
      provider-name="%featureProvider">

   <description url="http://www.eclipse.org/linuxtools">
      %featureDescription
   </description>

   <copyright url="http://www.redhat.com">
      %copyright
   </copyright>

   <license url="%licenseURL">
      %license
   </license>

   <url>
      <update label="Linux Tools Docker Update Site" url="http://download.eclipse.org/linuxtools/update-docker"/>
   </url>

   <plugin
         id="org.eclipse.linuxtools.docker.editor.ls"
         download-size="572"
         install-size="2250"
         version="1.0.0.202001142113"/>

</feature>
