<?xml version="1.0" encoding="UTF-8"?>
<!--
/**
 * <copyright>
 *
 * Copyright (c) 2005, 2007 IBM Corporation and others.
 * All rights reserved.   This program and the accompanying materials
 * are made available under the terms of the Eclipse Public License v1.0
 * which accompanies this distribution, and is available at
 * http://www.eclipse.org/legal/epl-v10.html
 *
 
 *
 * </copyright>
 */
-->
<feature
      id="org.eclipse.dltk.ruby"
      label="%featureName"
      version="2.0.0.v20100505-1154-7G--E_EkMU3NHhvAUo0G"
      provider-name="%providerName"
      image="eclipse_update_120.jpg">

   <description url="http://www.eclipse.org/dltk">
      %description
   </description>

   <copyright url="http://www.eclipse.org/legal/epl-v10.html">
      Copyright (c) 2005, 2007 IBM Corporation and others.
All rights reserved.   This program and the accompanying materials
are made available under the terms of the Eclipse Public License v1.0
which accompanies this distribution, and is available at
http://www.eclipse.org/legal/epl-v10.html
   </copyright>

   <license url="%licenseURL">
      %license
   </license>

   <requires>
      <import feature="org.eclipse.dltk.core" version="2.0.0" match="compatible"/>
   </requires>

   <plugin
         id="org.eclipse.dltk.ruby.ui"
         download-size="0"
         install-size="0"
         version="2.0.0.v20100524-0038"
         unpack="false"/>

   <plugin
         id="org.eclipse.dltk.ruby.core"
         download-size="0"
         install-size="0"
         version="2.0.0.v20100524-0038"
         unpack="false"/>

   <plugin
         id="org.eclipse.dltk.ruby.debug.ui"
         download-size="0"
         install-size="0"
         version="2.0.0.v20100212-1450"
         unpack="false"/>

   <plugin
         id="org.eclipse.dltk.ruby.launching"
         download-size="0"
         install-size="0"
         version="1.0.0.v20100524-0038"
         unpack="false"/>

   <plugin
         id="org.eclipse.dltk.ruby.debug"
         download-size="0"
         install-size="0"
         version="1.0.0.v20090730-1127"
         unpack="false"/>

   <plugin
         id="org.eclipse.dltk.ruby.basicdebugger"
         download-size="0"
         install-size="0"
         version="1.0.0.v20090730-1127"
         unpack="false"/>

   <plugin
         id="org.eclipse.dltk.ruby.activestatedebugger"
         download-size="0"
         install-size="0"
         version="1.0.0.v20090730-1127"
         unpack="false"/>

   <plugin
         id="org.eclipse.dltk.ruby"
         download-size="0"
         install-size="0"
         version="1.0.0.v20090615-1430"
         unpack="false"/>

   <plugin
         id="org.eclipse.dltk.ruby.abstractdebugger"
         download-size="0"
         install-size="0"
         version="1.0.0.v20090708-1856"
         unpack="false"/>

   <plugin
         id="org.eclipse.dltk.ruby.fastdebugger"
         download-size="0"
         install-size="0"
         version="1.0.0.v20100524-0038"
         unpack="false"/>

   <plugin
         id="org.eclipse.dltk.ruby.formatter"
         download-size="0"
         install-size="0"
         version="2.0.0.v20100212-1450"
         unpack="false"/>

   <plugin
         id="org.eclipse.dltk.ruby.testing"
         download-size="0"
         install-size="0"
         version="2.0.0.v20100212-1450"
         unpack="false"/>

</feature>
