<?xml version="1.0" encoding="UTF-8"?>
<feature
      id="org.eclipse.linuxtools.docker.feature"
      label="%featureName"
      version="4.5.1.202001142113"
      provider-name="%featureProvider">

   <description url="http://www.eclipse.org/linuxtools">
      %featureDescription
   </description>

   <copyright url="http://www.redhat.com">
      %copyright
   </copyright>

   <license url="%licenseURL">
      %license
   </license>

   <url>
      <update label="Linux Tools Docker Update Site" url="http://download.eclipse.org/linuxtools/update-docker"/>
   </url>

   <includes
         id="org.eclipse.linuxtools.docker.editor.ls.feature"
         version="4.5.1.202001142113"/>

   <plugin
         id="org.eclipse.linuxtools.docker.core"
         download-size="249"
         install-size="529"
         version="4.5.1.202001142113"
         unpack="false"/>

   <plugin
         id="org.eclipse.linuxtools.docker.ui"
         download-size="906"
         install-size="2082"
         version="4.5.1.202001142113"
         unpack="false"/>

   <plugin
         id="org.eclipse.linuxtools.docker.docs"
         download-size="2182"
         install-size="2380"
         version="4.5.1.202001142113"
         unpack="false"/>

</feature>
